Potencia_CV,Consumo_Cidade_KmL,Consumo_Estrada_KmL,Preco_R$,Tipo_Cambio,Combustivel
209.8,30.0,36.4,79390.71,Automático,Diesel
171.7,30.0,37.8,65589.41,Automático,Gasolina
218.9,30.0,36.7,81087.91,Automático,Flex
271.4,30.0,37.1,117581.51,Manual,Flex
166.0,30.0,40.0,68015.42,Automático,Gasolina
166.0,30.0,39.5,72319.14,Manual,Flex
274.8,29.2,34.5,102233.01,Automático,Gasolina
226.0,30.0,38.7,96305.98,Manual,Flex
151.8,30.0,38.7,70412.43,Automático,Flex
212.6,30.0,35.8,81142.12,Automático,Flex
152.2,30.0,38.7,61556.13,Automático,Flex
152.1,30.0,39.8,58572.98,Automático,Diesel
194.5,30.0,35.8,108614.76,Manual,Flex
75.0,30.0,36.1,39623.36,Automático,Gasolina
76.5,30.0,39.0,57040.48,Automático,Gasolina
146.3,30.0,37.9,57807.19,Automático,Flex
119.2,30.0,38.3,59958.15,Automático,Híbrido
198.9,30.0,38.0,87117.5,Automático,Diesel
125.5,30.0,38.1,58696.88,Automático,Diesel
95.3,30.0,35.5,70049.95,Manual,Gasolina
267.9,28.0,36.6,102563.94,Automático,Flex
166.5,30.0,39.3,62659.57,Manual,Flex
184.1,30.0,37.2,78556.64,Manual,Gasolina
94.5,30.0,37.4,49148.09,Automático,Gasolina
147.3,30.0,35.2,63126.05,Automático,Híbrido
186.7,30.0,38.3,70646.4,Automático,Gasolina
110.9,30.0,38.4,48850.12,Manual,Gasolina
202.5,30.0,37.4,77632.08,Manual,Gasolina
144.0,30.0,39.2,58963.43,Automático,Híbrido
162.5,30.0,37.0,70236.97,Manual,Flex
143.9,30.0,38.3,67037.5,Automático,Flex
291.1,26.3,31.4,109006.92,Manual,Híbrido
179.2,30.0,37.5,70913.97,Manual,Gasolina
116.5,30.0,37.2,46923.7,Automático,Flex
229.4,30.0,37.8,85487.79,Automático,Gasolina
106.7,30.0,36.9,55658.72,Automático,Gasolina
192.5,30.0,37.3,94382.9,Automático,Diesel
75.0,30.0,38.7,33874.04,Manual,Flex
100.3,30.0,36.8,52022.32,Automático,Gasolina
191.8,30.0,35.1,92863.89,Automático,Gasolina
224.3,30.0,40.1,100223.89,Automático,Flex
190.3,30.0,39.6,71617.61,Manual,Gasolina
173.1,30.0,35.6,94873.6,Automático,Gasolina
161.9,30.0,38.5,64403.72,Automático,Gasolina
91.3,30.0,36.7,39094.69,Automático,Gasolina
136.8,30.0,37.9,51527.92,Manual,Diesel
152.4,30.0,37.9,62985.29,Manual,Gasolina
243.4,30.0,37.1,89353.83,Automático,Gasolina
200.6,30.0,36.3,76073.35,Automático,Flex
75.0,30.0,36.5,33061.76,Automático,Diesel
199.4,30.0,36.1,89351.49,Automático,Gasolina
156.9,30.0,36.3,78746.86,Automático,Gasolina
139.4,30.0,37.4,55386.68,Manual,Gasolina
216.7,30.0,36.4,98413.77,Automático,Flex
241.9,30.0,38.5,107116.26,Manual,Flex
235.9,29.6,39.2,100192.84,Automático,Diesel
129.6,30.0,36.6,49962.82,Manual,Híbrido
161.4,30.0,37.9,71228.79,Manual,Flex
199.9,30.0,38.2,101965.13,Automático,Flex
238.5,30.0,38.2,97960.5,Automático,Flex
151.2,30.0,37.6,59966.28,Automático,Gasolina
168.9,30.0,38.6,69044.23,Automático,Híbrido
113.6,30.0,38.2,53143.79,Automático,Gasolina
108.2,30.0,35.6,48024.81,Automático,Gasolina
228.8,30.0,38.8,84340.84,Manual,Flex
261.4,27.7,35.9,99145.58,Automático,Gasolina
175.7,30.0,36.4,80702.69,Manual,Flex
240.2,30.0,37.6,106837.12,Automático,Flex
201.7,30.0,38.5,75071.24,Manual,Flex
141.3,30.0,37.2,82898.93,Automático,Diesel
201.7,30.0,39.1,77576.53,Manual,Gasolina
272.3,30.0,41.0,109155.15,Automático,Flex
177.9,30.0,36.3,79183.87,Automático,Flex
273.9,30.0,35.4,115567.79,Automático,Flex
75.0,30.0,38.0,58391.47,Automático,Flex
229.3,30.0,38.6,87012.99,Automático,Gasolina
185.2,30.0,37.2,87383.0,Automático,Flex
162.1,30.0,39.7,61132.87,Automático,Gasolina
185.5,30.0,35.5,80136.16,Manual,Híbrido
75.0,30.0,38.5,42797.09,Automático,Gasolina
166.8,30.0,36.6,72710.34,Automático,Flex
201.4,30.0,40.1,76407.1,Manual,Gasolina
268.7,30.0,40.5,117674.85,Automático,Gasolina
148.9,30.0,36.4,56965.88,Automático,Flex
131.5,30.0,36.7,49572.9,Automático,Diesel
149.9,30.0,38.8,68102.63,Manual,Flex
234.9,27.7,34.1,92578.01,Manual,Híbrido
199.7,30.0,37.4,91815.02,Manual,Flex
148.2,30.0,37.5,59710.34,Automático,Flex
210.8,28.0,32.1,79420.58,Manual,Gasolina
185.8,30.0,37.5,86144.52,Automático,Diesel
238.1,30.0,36.5,94302.42,Automático,Gasolina
137.9,30.0,36.8,53354.17,Automático,Diesel
160.3,30.0,39.7,71862.48,Automático,Híbrido
156.5,30.0,35.6,64921.98,Automático,Híbrido
92.2,30.0,38.7,44537.5,Automático,Flex
197.8,30.0,37.1,78397.04,Automático,Flex
195.7,30.0,37.1,89126.07,Automático,Flex
180.3,30.0,38.7,83801.26,Manual,Gasolina
165.9,30.0,38.0,73431.36,Automático,Flex
95.1,30.0,38.4,37391.02,Manual,Gasolina
154.8,30.0,39.0,75420.88,Automático,Flex
159.4,30.0,37.0,69920.36,Manual,Gasolina
131.9,30.0,36.6,61093.2,Automático,Gasolina
170.3,30.0,35.9,67122.59,Automático,Gasolina
204.2,30.0,36.3,95627.85,Automático,Flex
293.2,30.0,41.9,118533.27,Automático,Flex
190.5,30.0,39.4,70860.62,Manual,Gasolina
195.5,30.0,35.5,76647.3,Automático,Flex
175.5,30.0,35.5,86185.62,Automático,Gasolina
75.0,30.0,38.2,29733.47,Manual,Flex
178.4,30.0,38.3,97992.55,Automático,Flex
183.6,30.0,38.3,78633.04,Automático,Flex
327.8,30.0,37.1,127707.87,Automático,Flex
168.5,30.0,37.3,65115.19,Automático,Gasolina
198.1,30.0,38.0,75193.22,Automático,Flex
177.9,30.0,37.6,93754.22,Automático,Flex
109.9,30.0,34.2,44999.86,Manual,Flex
248.6,30.0,37.2,104938.31,Automático,Flex
225.1,30.0,36.2,86784.87,Automático,Gasolina
227.5,30.0,37.8,84111.23,Automático,Flex
125.4,30.0,42.0,47010.59,Manual,Flex
264.2,30.0,38.1,103316.95,Manual,Gasolina
95.9,30.0,37.0,73766.41,Automático,Gasolina
215.2,30.0,38.9,82930.65,Manual,Gasolina
311.4,23.5,30.1,119017.77,Automático,Híbrido
120.6,30.0,38.1,49416.08,Automático,Flex
146.0,30.0,38.4,61458.78,Automático,Gasolina
186.0,30.0,40.6,73902.74,Automático,Gasolina
149.8,30.0,35.8,76622.53,Automático,Flex
87.0,30.0,38.2,40478.57,Manual,Diesel
184.1,30.0,36.1,74527.67,Automático,Gasolina
116.3,30.0,38.3,45180.93,Manual,Gasolina
208.4,30.0,36.1,116538.81,Automático,Diesel
124.8,30.0,36.9,49568.55,Automático,Gasolina
273.0,30.0,37.1,99310.57,Automático,Gasolina
133.0,30.0,39.0,60432.75,Automático,Híbrido
160.7,30.0,38.9,68284.44,Automático,Flex
228.8,30.0,35.6,88447.79,Automático,Gasolina
106.1,30.0,37.6,45636.99,Automático,Gasolina
193.6,30.0,36.4,86150.8,Automático,Gasolina
258.4,30.0,35.6,95627.98,Manual,Gasolina
83.6,30.0,37.2,49404.92,Automático,Diesel
191.1,30.0,37.0,80339.8,Automático,Flex
195.6,30.0,41.1,76887.06,Automático,Flex
226.9,29.2,37.1,88863.77,Manual,Híbrido
105.8,30.0,35.4,42989.88,Manual,Flex
100.8,30.0,36.7,52218.29,Automático,Gasolina
211.3,30.0,39.0,84153.11,Automático,Flex
197.8,30.0,40.6,76105.88,Automático,Híbrido
195.0,30.0,35.1,80324.99,Manual,Diesel
200.8,29.6,34.1,128025.37,Automático,Gasolina
139.2,30.0,40.3,57433.42,Automático,Flex
193.9,30.0,38.1,96221.41,Automático,Flex
197.6,30.0,36.2,76385.98,Automático,Híbrido
137.1,30.0,38.3,51561.5,Manual,Gasolina
291.9,28.8,32.0,107960.29,Automático,Flex
208.4,30.0,37.5,81375.29,Automático,Diesel
108.5,30.0,38.0,43462.56,Automático,Flex
219.4,30.0,38.9,79789.9,Manual,Flex
121.5,30.0,36.0,70182.91,Manual,Gasolina
227.2,30.0,37.6,101100.04,Automático,Gasolina
249.5,30.0,36.1,103889.8,Automático,Gasolina
130.8,30.0,37.9,50602.67,Manual,Híbrido
237.8,30.0,36.2,87513.36,Automático,Gasolina
204.8,30.0,36.9,75368.38,Automático,Flex
229.3,30.0,36.0,96137.87,Automático,Flex
293.8,27.5,35.4,133252.47,Manual,Gasolina
165.3,30.0,38.8,66477.44,Automático,Flex
134.8,30.0,37.1,51440.11,Manual,Flex
126.6,30.0,37.6,54502.65,Automático,Diesel
131.1,30.0,35.3,53157.86,Automático,Flex
175.4,30.0,37.1,69078.1,Automático,Flex
200.5,30.0,37.4,82875.11,Automático,Gasolina
196.6,30.0,41.4,84494.49,Automático,Híbrido
229.6,30.0,35.8,84542.97,Automático,Gasolina
180.8,30.0,39.7,66635.43,Automático,Flex
267.2,30.0,39.0,148250.41,Manual,Gasolina
164.1,30.0,37.9,63091.35,Manual,Híbrido
343.2,30.0,40.1,123676.89,Automático,Flex
217.5,30.0,38.1,81244.69,Automático,Flex
128.6,30.0,38.1,48397.06,Automático,Gasolina
115.7,30.0,37.4,48483.95,Automático,Flex
208.9,30.0,39.3,92347.12,Manual,Flex
166.6,30.0,39.1,65481.31,Automático,Flex
222.8,30.0,36.6,86867.18,Automático,Gasolina
208.4,30.0,35.5,87195.36,Manual,Híbrido
175.6,30.0,37.2,71581.55,Automático,Diesel
129.2,30.0,36.3,67982.26,Automático,Gasolina
89.1,30.0,37.4,54290.03,Automático,Diesel
153.2,30.0,39.4,56722.79,Automático,Flex
231.4,30.0,36.8,99037.24,Automático,Flex
192.8,30.0,37.4,76671.42,Manual,Gasolina
105.3,30.0,37.6,84794.16,Manual,Flex
190.4,30.0,38.8,76238.41,Automático,Flex
203.1,30.0,34.1,117440.0,Manual,Flex
127.0,30.0,36.6,61486.4,Automático,Flex
189.2,30.0,37.8,72086.46,Manual,Flex
183.5,30.0,39.3,74952.84,Automático,Flex
111.4,30.0,36.8,90451.76,Manual,Gasolina
201.5,30.0,34.7,92999.82,Manual,Diesel
213.6,30.0,38.4,78800.87,Automático,Flex
245.0,30.0,36.5,100998.49,Manual,Gasolina
243.2,30.0,35.7,92369.9,Manual,Gasolina
97.3,30.0,36.6,37139.01,Manual,Flex
123.7,30.0,37.2,51472.12,Automático,Diesel
210.9,30.0,36.6,79491.33,Manual,Gasolina
210.8,30.0,34.2,93874.87,Manual,Flex
210.9,30.0,38.8,80930.79,Automático,Gasolina
411.2,23.7,31.5,167006.59,Manual,Flex
214.3,30.0,38.5,77994.68,Automático,Híbrido
248.1,30.0,35.8,93525.96,Automático,Flex
237.2,30.0,37.2,88793.75,Automático,Gasolina
219.1,30.0,37.5,82339.3,Automático,Flex
161.1,30.0,38.4,60085.57,Automático,Gasolina
225.5,30.0,38.5,84010.12,Automático,Flex
133.6,30.0,36.4,57879.84,Manual,Flex
165.8,30.0,37.6,64470.9,Automático,Flex
150.9,30.0,38.2,61209.82,Automático,Gasolina
184.9,30.0,39.7,72449.31,Automático,Híbrido
318.9,30.0,38.6,135474.9,Automático,Flex
75.0,30.0,38.7,52820.31,Manual,Gasolina
221.2,30.0,37.6,87203.06,Automático,Flex
83.2,30.0,39.6,36140.07,Manual,Flex
151.7,30.0,38.1,57218.89,Automático,Flex
245.3,26.8,32.3,120796.5,Automático,Flex
183.9,30.0,39.6,67971.05,Automático,Flex
115.3,30.0,38.5,46900.6,Automático,Gasolina
137.1,30.0,36.8,54517.78,Automático,Diesel
220.8,30.0,36.8,84134.08,Automático,Flex
136.2,30.0,37.9,52457.0,Automático,Gasolina
193.0,30.0,38.2,85831.65,Manual,Flex
182.7,30.0,37.8,68263.77,Automático,Híbrido
140.9,30.0,38.0,62392.41,Automático,Híbrido
308.6,29.1,38.9,112718.24,Automático,Gasolina
218.0,30.0,39.1,80043.77,Automático,Gasolina
75.0,30.0,37.8,53266.27,Manual,Flex
191.2,30.0,38.9,72024.34,Automático,Gasolina
140.3,30.0,36.0,69320.16,Automático,Híbrido
231.1,30.0,38.1,91767.57,Manual,Gasolina
132.4,30.0,40.2,50167.61,Automático,Gasolina
173.1,30.0,37.2,94701.56,Automático,Flex
210.3,30.0,36.2,79441.12,Automático,Gasolina
231.9,29.5,35.9,104011.79,Automático,Flex
108.0,30.0,35.9,42642.74,Manual,Flex
159.9,30.0,36.3,78213.05,Manual,Gasolina
151.5,30.0,36.9,56159.32,Manual,Gasolina
140.8,30.0,35.4,59449.99,Automático,Flex
285.9,30.0,37.5,117747.09,Automático,Gasolina
204.3,30.0,38.9,101806.89,Manual,Flex
104.3,30.0,36.1,63512.63,Automático,Flex
235.1,30.0,39.8,102402.27,Automático,Flex
307.3,30.0,38.3,132474.94,Automático,Híbrido
241.9,30.0,39.0,89903.46,Automático,Híbrido
88.8,30.0,36.5,37436.56,Automático,Híbrido
150.9,30.0,38.8,59241.47,Manual,Gasolina
256.0,30.0,35.9,97338.09,Manual,Gasolina
137.5,30.0,38.8,56136.49,Automático,Gasolina
206.6,30.0,37.8,83185.02,Automático,Diesel
226.5,30.0,38.3,84009.42,Automático,Híbrido
124.4,30.0,35.7,58286.59,Manual,Diesel
176.4,30.0,36.2,66583.99,Automático,Gasolina
75.0,30.0,38.4,32965.11,Manual,Híbrido
118.5,30.0,36.1,51486.46,Automático,Flex
164.8,30.0,38.2,76614.04,Automático,Gasolina
105.1,30.0,35.4,53246.9,Automático,Flex
277.9,30.0,38.8,110652.08,Manual,Gasolina
94.2,30.0,35.7,37660.37,Automático,Flex
153.6,30.0,38.3,64678.7,Automático,Gasolina
187.8,30.0,38.4,69660.64,Automático,Flex
266.5,30.0,36.5,101004.66,Manual,Flex
93.8,30.0,38.4,41183.0,Manual,Diesel
249.8,30.0,37.9,90832.69,Automático,Flex
180.6,30.0,36.7,69416.78,Manual,Flex
121.1,30.0,36.0,76544.62,Automático,Diesel
207.7,30.0,34.6,106415.76,Automático,Híbrido
191.9,30.0,38.0,74523.95,Automático,Gasolina
144.0,30.0,35.2,53836.01,Automático,Flex
184.2,30.0,37.6,69439.32,Manual,Gasolina
156.9,30.0,37.1,62887.8,Manual,Gasolina
186.8,30.0,38.5,97906.7,Automático,Flex
219.7,30.0,37.0,81426.93,Automático,Diesel
275.2,30.0,37.0,113725.09,Manual,Gasolina
105.7,30.0,38.6,41156.42,Manual,Diesel
308.0,30.0,38.0,150563.36,Automático,Diesel
75.0,30.0,38.0,34056.46,Manual,Híbrido
170.9,30.0,38.2,77739.49,Automático,Gasolina
215.3,29.0,33.9,82968.1,Automático,Híbrido
196.9,30.0,38.6,81780.55,Manual,Gasolina
142.6,30.0,38.4,55055.44,Automático,Flex
167.5,30.0,36.0,63207.92,Automático,Gasolina
150.4,30.0,37.1,83463.54,Automático,Gasolina
144.6,30.0,37.4,78590.78,Manual,Flex
231.0,30.0,37.3,105686.9,Manual,Flex
201.4,30.0,38.0,83317.18,Automático,Gasolina
138.4,30.0,39.6,67965.48,Automático,Gasolina
234.0,30.0,39.1,85606.95,Automático,Flex
198.4,30.0,35.5,76529.8,Automático,Gasolina
228.8,30.0,38.4,86834.55,Automático,Diesel
217.8,30.0,39.5,89318.48,Manual,Gasolina
130.3,30.0,38.1,52991.01,Automático,Gasolina
146.4,30.0,39.1,55843.84,Automático,Gasolina
224.8,30.0,40.5,90768.14,Automático,Flex
216.6,30.0,39.0,95658.52,Automático,Gasolina
178.7,30.0,37.9,70375.73,Manual,Gasolina
187.0,30.0,39.1,69882.61,Automático,Híbrido
256.7,30.0,37.7,95021.09,Automático,Flex
144.5,30.0,37.5,56288.31,Automático,Gasolina
212.8,30.0,37.0,81054.33,Automático,Flex
167.9,30.0,39.8,72048.41,Automático,Diesel
166.9,30.0,36.3,70615.27,Automático,Gasolina
245.9,30.0,39.8,100984.22,Automático,Gasolina
229.5,30.0,38.2,87835.78,Automático,Flex
228.8,28.0,32.9,101272.34,Automático,Flex
258.3,30.0,38.1,95697.72,Automático,Flex
181.3,30.0,34.3,72771.78,Manual,Gasolina
220.9,30.0,38.4,96462.44,Automático,Gasolina
161.4,30.0,38.8,61470.84,Automático,Flex
199.4,30.0,36.6,73971.29,Automático,Gasolina
172.2,30.0,37.7,84781.44,Automático,Flex
185.8,30.0,40.4,72236.56,Manual,Flex
215.7,30.0,36.7,90014.32,Automático,Gasolina
130.9,30.0,35.9,49074.12,Manual,Híbrido
305.5,26.8,35.8,122915.67,Automático,Diesel
119.6,30.0,40.4,48673.09,Automático,Flex
107.1,30.0,37.5,41075.59,Manual,Gasolina
249.5,30.0,39.0,99731.61,Automático,Gasolina
227.5,30.0,39.5,85379.87,Automático,Flex
217.4,30.0,36.4,83997.28,Automático,Gasolina
217.7,30.0,36.8,80035.39,Manual,Híbrido
179.3,30.0,39.3,67334.69,Automático,Gasolina
126.2,30.0,40.0,50695.55,Manual,Flex
184.5,30.0,38.3,68532.36,Automático,Gasolina
139.4,30.0,36.2,75951.29,Manual,Flex
238.5,30.0,40.5,86538.17,Automático,Gasolina
171.2,30.0,36.7,69525.57,Manual,Flex
130.5,30.0,37.0,49979.86,Automático,Gasolina
160.7,30.0,38.0,62927.95,Manual,Diesel
204.8,30.0,39.8,100716.51,Automático,Gasolina
146.2,29.1,37.6,56295.76,Automático,Híbrido
130.7,30.0,38.1,82498.12,Automático,Diesel
194.6,30.0,38.2,73421.56,Automático,Gasolina
194.7,30.0,37.6,84675.45,Automático,Flex
149.6,30.0,38.3,63265.7,Manual,Gasolina
151.7,30.0,33.7,77691.2,Manual,Híbrido
193.9,30.0,37.1,78947.26,Automático,Flex
93.1,30.0,37.9,43237.93,Manual,Gasolina
95.6,30.0,35.8,38618.08,Automático,Gasolina
136.9,30.0,38.1,52730.64,Automático,Gasolina
167.2,30.0,37.2,86345.4,Manual,Híbrido
198.7,30.0,40.1,76501.62,Automático,Gasolina
268.5,30.0,39.9,101635.94,Manual,Flex
231.5,30.0,36.8,98274.67,Automático,Flex
170.4,30.0,37.3,66778.64,Automático,Híbrido
178.9,30.0,37.4,95979.22,Automático,Gasolina
119.8,30.0,36.8,58338.23,Automático,Flex
178.9,30.0,37.8,74710.07,Automático,Flex
162.7,30.0,36.4,81215.68,Manual,Flex
199.4,30.0,35.8,73285.88,Manual,Gasolina
130.4,30.0,38.4,51599.59,Manual,Gasolina
211.2,30.0,38.4,83161.84,Automático,Gasolina
272.0,29.2,35.2,101097.94,Automático,Flex
173.5,29.1,37.7,77716.69,Automático,Gasolina
204.1,30.0,36.6,99594.72,Automático,Flex
221.4,30.0,37.9,86005.51,Automático,Gasolina
155.9,30.0,38.7,61761.89,Manual,Diesel
193.4,30.0,37.4,103290.1,Automático,Híbrido
180.8,30.0,38.2,72149.65,Automático,Flex
185.9,30.0,36.7,74766.0,Automático,Gasolina
133.6,30.0,37.2,54100.04,Automático,Gasolina
181.5,30.0,37.2,90544.13,Automático,Gasolina
209.9,30.0,36.4,84873.4,Manual,Gasolina
267.1,30.0,37.2,110836.2,Automático,Flex
237.6,29.1,34.0,103226.57,Manual,Flex
309.2,30.0,36.8,115400.04,Automático,Híbrido
134.0,30.0,37.1,55571.91,Automático,Gasolina
232.3,28.5,35.3,103773.51,Automático,Flex
191.0,30.0,37.1,74364.05,Manual,Flex
311.4,27.2,33.9,128890.78,Manual,Flex
131.5,30.0,38.2,77326.61,Automático,Gasolina
129.6,30.0,38.8,58126.52,Automático,Flex
144.0,30.0,36.5,66946.28,Automático,Flex
75.0,30.0,35.7,45602.55,Automático,Flex
148.5,30.0,35.9,73605.0,Manual,Híbrido
134.5,30.0,36.8,55084.36,Automático,Gasolina
189.0,30.0,37.0,69684.51,Automático,Gasolina
200.5,30.0,36.3,78316.45,Automático,Flex
292.6,29.3,34.6,116892.53,Automático,Flex
237.0,30.0,36.8,91943.64,Automático,Gasolina
145.4,30.0,37.8,67706.58,Automático,Flex
126.1,30.0,38.4,51549.12,Manual,Híbrido
209.5,25.8,31.4,88097.8,Manual,Híbrido
100.8,30.0,36.9,40338.21,Automático,Gasolina
289.9,30.0,36.1,118298.39,Manual,Diesel
250.8,25.4,31.7,100508.98,Automático,Flex
151.8,30.0,36.2,58429.68,Automático,Flex
77.2,30.0,38.4,33476.03,Automático,Flex
261.2,30.0,34.8,108238.77,Automático,Diesel
173.1,30.0,37.0,70184.08,Automático,Flex
254.3,30.0,38.0,94428.01,Automático,Gasolina
84.3,30.0,37.8,66712.01,Automático,Flex
144.0,30.0,41.5,65970.17,Manual,Flex
180.3,30.0,38.0,97607.07,Automático,Gasolina
182.8,30.0,36.0,72557.12,Automático,Híbrido
153.0,30.0,37.4,62994.11,Automático,Flex
217.4,30.0,34.8,101903.28,Automático,Flex
115.9,30.0,37.4,51025.41,Automático,Gasolina
171.5,30.0,36.3,75295.38,Manual,Flex
187.2,30.0,38.9,71432.04,Automático,Gasolina
210.9,30.0,36.7,82722.24,Automático,Gasolina
222.7,30.0,37.3,82261.53,Automático,Flex
112.5,30.0,36.5,44688.98,Automático,Flex
88.0,30.0,40.1,33793.04,Automático,Flex
256.7,30.0,37.0,93231.78,Automático,Gasolina
199.9,30.0,40.2,110825.37,Automático,Flex
135.1,30.0,38.7,53057.17,Automático,Gasolina
273.1,30.0,38.2,109460.14,Automático,Híbrido
186.9,30.0,38.1,86698.87,Manual,Flex
250.8,30.0,38.1,98765.01,Automático,Flex
184.1,30.0,34.6,69080.14,Manual,Gasolina
303.6,30.0,37.1,122299.52,Manual,Gasolina
285.3,26.4,34.3,113463.69,Automático,Híbrido
165.1,30.0,37.4,73911.51,Automático,Gasolina
238.3,30.0,35.4,101088.74,Automático,Flex
218.7,30.0,37.4,116607.2,Automático,Flex
262.1,30.0,40.1,103264.18,Automático,Gasolina
122.1,30.0,39.4,49916.66,Manual,Diesel
221.2,30.0,37.4,90861.53,Manual,Flex
243.5,30.0,38.9,88935.87,Automático,Gasolina
75.0,30.0,37.0,52018.91,Automático,Gasolina
109.0,30.0,34.9,42422.87,Automático,Gasolina
75.0,30.0,36.1,33222.63,Manual,Diesel
163.8,30.0,39.8,77256.82,Automático,Flex
223.1,30.0,37.1,90164.33,Automático,Gasolina
270.1,30.0,37.1,102552.24,Manual,Gasolina
184.4,30.0,37.1,73969.81,Automático,Flex
277.7,28.2,38.2,120180.46,Manual,Flex
97.2,30.0,39.9,41173.09,Automático,Flex
77.8,30.0,40.8,50604.27,Automático,Gasolina
176.7,30.0,37.3,65756.13,Manual,Gasolina
203.0,30.0,37.9,89062.17,Automático,Flex
178.0,30.0,35.2,84122.44,Automático,Híbrido
75.0,30.0,39.7,31256.7,Automático,Gasolina
174.7,30.0,35.7,69755.75,Automático,Flex
101.7,30.0,37.8,40415.36,Automático,Flex
220.2,30.0,35.9,92325.45,Automático,Flex
202.0,30.0,36.6,81363.22,Automático,Gasolina
123.6,30.0,36.2,56349.97,Automático,Diesel
149.2,30.0,36.6,57396.41,Manual,Flex
116.4,30.0,36.7,46135.86,Manual,Flex
176.2,30.0,36.7,65107.57,Automático,Gasolina
237.3,30.0,38.8,89945.06,Automático,Gasolina
120.9,30.0,35.8,53503.76,Automático,Gasolina
210.2,30.0,37.8,96099.68,Automático,Flex
148.2,30.0,39.3,65858.54,Manual,Gasolina
132.4,30.0,36.7,55065.98,Manual,Flex
173.6,30.0,36.4,94354.03,Automático,Gasolina
117.9,30.0,37.2,56962.65,Automático,Flex
146.8,30.0,39.3,80989.59,Automático,Flex
108.1,30.0,37.8,48343.6,Automático,Gasolina
297.9,30.0,36.7,110255.48,Automático,Gasolina
182.1,30.0,38.2,67283.27,Manual,Gasolina
138.0,30.0,35.8,64255.13,Manual,Flex
192.8,30.0,38.5,71786.73,Automático,Flex
173.3,30.0,38.1,67247.58,Automático,Gasolina
166.7,30.0,37.0,68962.58,Manual,Flex
216.9,30.0,36.2,87208.19,Automático,Gasolina
225.5,30.0,36.2,91085.16,Automático,Gasolina
148.2,30.0,38.3,56677.76,Automático,Gasolina
145.5,30.0,39.3,58683.94,Manual,Diesel
163.5,30.0,36.5,69826.19,Automático,Gasolina
75.0,30.0,38.2,64255.38,Automático,Gasolina
89.1,30.0,34.4,47186.97,Manual,Gasolina
262.0,29.1,35.5,120639.67,Manual,Gasolina
278.7,30.0,37.5,114908.08,Manual,Flex
165.1,30.0,36.1,69728.19,Automático,Gasolina
214.6,30.0,36.1,80239.92,Automático,Gasolina
198.7,30.0,36.5,83522.95,Manual,Flex
364.7,29.8,37.6,140518.35,Manual,Gasolina
247.2,30.0,37.2,98735.9,Automático,Flex
172.3,30.0,34.1,70042.98,Automático,Flex
122.7,30.0,34.3,53455.33,Manual,Gasolina
83.6,30.0,36.6,36335.93,Manual,Flex
192.2,30.0,38.2,77598.12,Automático,Gasolina
134.6,30.0,33.4,52317.57,Automático,Flex
94.7,30.0,36.8,52489.18,Automático,Flex
141.2,30.0,36.7,54477.18,Automático,Gasolina
115.1,30.0,39.6,44175.44,Automático,Flex
281.2,30.0,36.9,107161.35,Automático,Diesel
232.9,30.0,38.1,95252.87,Automático,Híbrido
179.5,30.0,37.7,71590.07,Automático,Flex
268.8,30.0,34.3,100318.89,Automático,Flex
184.6,30.0,38.7,75793.06,Manual,Gasolina
128.3,30.0,37.8,52174.85,Automático,Gasolina
271.4,30.0,38.3,124996.5,Automático,Flex
212.3,30.0,43.4,102910.63,Manual,Gasolina
117.8,30.0,34.4,51196.85,Automático,Híbrido
168.6,30.0,40.1,65976.13,Manual,Gasolina
127.5,30.0,37.1,60973.07,Manual,Gasolina
97.0,30.0,37.9,37335.24,Automático,Gasolina
235.6,30.0,37.4,91888.9,Manual,Diesel
294.6,30.0,36.9,110197.35,Automático,Flex
96.1,30.0,36.6,61954.58,Automático,Flex
213.8,30.0,38.0,77943.11,Automático,Gasolina
141.0,30.0,35.2,60384.33,Automático,Diesel
150.8,30.0,38.6,69266.66,Manual,Gasolina
144.5,30.0,36.9,60195.96,Automático,Diesel
128.2,30.0,35.8,48748.91,Automático,Flex
182.9,30.0,36.8,102940.62,Automático,Gasolina
130.1,30.0,39.4,55848.38,Automático,Flex
196.2,30.0,36.7,81203.6,Automático,Flex
177.0,30.0,38.0,67644.86,Automático,Gasolina
165.7,30.0,36.4,67588.85,Manual,Diesel
125.5,30.0,38.6,52547.44,Automático,Flex
145.4,30.0,38.5,54666.29,Manual,Gasolina
225.3,30.0,40.3,82985.5,Automático,Gasolina
210.1,30.0,37.2,94688.34,Manual,Flex
121.3,30.0,38.5,48213.34,Manual,Flex
186.0,30.0,37.6,70254.59,Automático,Flex
225.1,30.0,39.4,88809.32,Automático,Flex
79.8,30.0,36.4,45584.92,Manual,Flex
212.6,30.0,38.6,78050.05,Automático,Híbrido
140.2,30.0,37.2,60684.19,Manual,Flex
214.2,30.0,37.4,79251.94,Automático,Diesel
134.2,30.0,37.6,50342.98,Automático,Gasolina
75.0,30.0,37.9,29791.86,Automático,Gasolina
82.3,30.0,37.3,49789.17,Manual,Gasolina
182.9,30.0,37.8,68265.1,Automático,Flex
195.6,30.0,39.9,71916.2,Manual,Diesel
125.7,30.0,39.0,52770.1,Manual,Gasolina
218.3,30.0,38.8,97989.02,Automático,Gasolina
80.3,30.0,36.8,34151.73,Automático,Diesel
176.0,30.0,36.2,70089.17,Manual,Gasolina
107.3,30.0,38.9,40976.07,Automático,Flex
140.9,30.0,38.8,58273.07,Manual,Flex
182.8,30.0,39.7,75613.71,Automático,Diesel
128.4,30.0,36.6,56392.14,Automático,Gasolina
156.9,30.0,37.2,61965.39,Manual,Gasolina
240.4,30.0,35.0,90923.3,Automático,Flex
145.4,30.0,36.9,55012.74,Automático,Híbrido
230.1,30.0,39.0,88119.2,Automático,Flex
112.2,30.0,36.8,43324.15,Automático,Gasolina
211.8,30.0,38.5,91675.73,Automático,Flex
266.5,30.0,37.2,130167.89,Manual,Híbrido
75.0,30.0,38.0,64340.43,Automático,Diesel
132.2,30.0,35.8,69295.27,Automático,Híbrido
214.6,30.0,37.6,87301.25,Automático,Gasolina
167.8,30.0,33.0,73804.67,Automático,Gasolina
202.3,30.0,37.2,77151.67,Automático,Flex
143.8,30.0,35.1,63279.68,Manual,Diesel
185.2,27.6,36.3,74847.79,Manual,Gasolina
170.7,30.0,38.7,69308.91,Automático,Gasolina
250.1,30.0,38.2,104702.37,Automático,Flex
195.3,29.7,39.5,74756.62,Automático,Gasolina
200.3,30.0,36.1,76917.49,Automático,Gasolina
155.3,30.0,40.1,83205.61,Automático,Flex
150.7,30.0,38.9,56338.94,Automático,Flex
154.0,30.0,37.1,63564.49,Automático,Flex
203.7,30.0,39.2,98679.1,Automático,Gasolina
154.7,30.0,35.8,66584.72,Automático,Flex
197.4,30.0,36.3,79990.82,Manual,Flex
304.5,30.0,36.6,112456.83,Automático,Flex
232.3,30.0,36.7,88498.53,Automático,Flex
160.4,30.0,35.9,78262.21,Automático,Gasolina
252.1,30.0,39.3,99417.54,Automático,Gasolina
155.5,30.0,37.1,64661.17,Manual,Gasolina
75.0,30.0,38.0,30298.94,Automático,Gasolina
119.5,30.0,36.6,44991.77,Automático,Flex
75.0,30.0,34.8,62405.3,Automático,Diesel
158.9,30.0,37.9,63350.08,Manual,Flex
181.1,30.0,34.6,75630.34,Automático,Flex
280.6,30.0,37.4,102035.9,Automático,Gasolina
199.6,30.0,35.4,84357.62,Automático,Flex
166.9,30.0,40.5,88365.05,Automático,Gasolina
229.8,30.0,38.9,91989.84,Automático,Gasolina
75.0,30.0,37.7,30598.07,Automático,Gasolina
194.1,30.0,39.4,79663.98,Automático,Flex
226.3,30.0,36.2,96727.36,Manual,Híbrido
91.3,30.0,38.3,40165.46,Automático,Gasolina
248.6,30.0,37.8,111207.96,Automático,Gasolina
200.3,30.0,37.9,83569.09,Automático,Flex
155.1,30.0,39.4,80229.98,Manual,Gasolina
218.0,29.6,38.1,89221.94,Automático,Diesel
316.2,30.0,37.9,115091.99,Manual,Flex
190.9,30.0,35.0,73525.36,Automático,Híbrido
194.9,30.0,36.1,73466.53,Automático,Flex
152.4,30.0,37.3,80303.33,Automático,Flex
129.0,30.0,37.6,62441.12,Automático,Flex
229.8,30.0,35.8,94719.47,Manual,Flex
128.6,30.0,41.1,51602.8,Manual,Flex
184.3,30.0,39.8,69536.85,Automático,Gasolina
151.3,30.0,38.4,70093.57,Automático,Flex
208.7,30.0,37.6,82486.12,Manual,Flex
200.0,30.0,37.2,75566.02,Automático,Diesel
242.3,30.0,36.1,97375.68,Automático,Flex
149.4,30.0,37.6,55701.35,Automático,Flex
163.8,30.0,37.9,64280.4,Automático,Gasolina
121.3,30.0,35.6,51767.56,Automático,Flex
153.3,30.0,38.0,58271.04,Automático,Flex
202.6,30.0,37.3,115692.63,Automático,Diesel
225.4,30.0,34.6,84242.57,Automático,Híbrido
124.7,30.0,36.2,48031.21,Automático,Gasolina
232.2,30.0,36.9,86537.44,Automático,Diesel
261.3,27.4,37.1,110167.64,Manual,Gasolina
204.8,29.4,37.5,80484.67,Automático,Gasolina
292.6,25.6,30.0,115499.49,Automático,Flex
133.6,30.0,38.2,49962.76,Manual,Gasolina
105.3,30.0,35.2,40212.63,Manual,Flex
75.0,30.0,39.1,35152.76,Automático,Gasolina
269.8,30.0,36.8,114380.8,Automático,Gasolina
219.3,30.0,37.4,101390.7,Manual,Flex
176.7,30.0,39.5,65739.7,Manual,Flex
196.8,30.0,35.6,79609.11,Manual,Híbrido
112.5,30.0,35.4,66809.64,Manual,Flex
326.7,27.9,33.9,123127.72,Automático,Flex
187.8,30.0,39.1,86407.71,Automático,Gasolina
186.6,29.2,34.2,70045.93,Automático,Gasolina
223.5,30.0,33.3,108635.65,Automático,Gasolina
208.9,30.0,36.8,90021.23,Automático,Flex
193.4,30.0,38.3,99060.58,Automático,Flex
132.6,30.0,39.3,60689.22,Automático,Flex
208.3,30.0,36.8,80417.03,Manual,Flex
292.9,29.7,36.5,133486.24,Automático,Flex
260.7,30.0,39.2,97477.48,Automático,Gasolina
275.6,30.0,34.7,103494.17,Automático,Gasolina
149.3,30.0,36.9,67331.18,Automático,Diesel
120.6,30.0,37.8,59713.47,Manual,Flex
172.5,30.0,38.2,89866.22,Automático,Diesel
183.3,30.0,36.7,69461.87,Manual,Gasolina
245.7,30.0,37.6,104972.8,Automático,Híbrido
78.5,30.0,33.8,43873.21,Automático,Gasolina
271.8,30.0,36.5,98779.76,Automático,Gasolina
170.5,30.0,38.2,67579.38,Automático,Híbrido
154.4,30.0,36.0,60359.02,Manual,Gasolina
119.3,30.0,37.6,48376.91,Automático,Flex
80.7,30.0,38.2,71962.23,Manual,Gasolina
229.4,30.0,37.0,93580.54,Automático,Flex
184.4,30.0,37.8,80186.68,Manual,Híbrido
102.6,30.0,36.1,76468.55,Automático,Gasolina
102.3,30.0,37.2,43538.67,Manual,Flex
159.9,30.0,38.4,75135.33,Automático,Gasolina
280.1,25.3,31.9,108611.49,Automático,Flex
164.4,30.0,36.6,80914.98,Automático,Gasolina
89.8,30.0,37.8,36426.53,Manual,Gasolina
165.3,30.0,38.6,90344.34,Automático,Gasolina
163.6,30.0,34.4,62741.68,Automático,Gasolina
75.0,30.0,39.2,33198.52,Manual,Híbrido
176.7,30.0,37.0,78973.56,Automático,Gasolina
166.1,30.0,38.1,66155.09,Automático,Gasolina
221.8,30.0,39.3,89990.66,Automático,Flex
290.9,28.5,33.6,111302.49,Automático,Gasolina
247.6,30.0,36.4,103220.17,Manual,Flex
163.9,30.0,37.1,62945.34,Manual,Híbrido
113.6,30.0,36.3,43365.32,Automático,Flex
334.4,30.0,40.1,123606.3,Manual,Diesel
183.6,30.0,36.2,73674.0,Automático,Flex
180.8,30.0,36.7,68131.98,Automático,Gasolina
178.6,30.0,37.8,69875.28,Automático,Flex
191.9,30.0,35.7,75267.75,Automático,Flex
171.3,30.0,36.9,63559.48,Automático,Flex
145.6,30.0,38.0,62707.16,Manual,Diesel
147.2,30.0,37.0,76087.26,Manual,Flex
178.0,30.0,37.4,66957.9,Automático,Híbrido
147.4,30.0,36.7,63696.34,Automático,Flex
137.2,30.0,35.2,61958.7,Manual,Flex
186.4,30.0,38.0,73670.84,Manual,Flex
164.7,30.0,40.1,72721.86,Manual,Gasolina
270.2,30.0,37.5,102872.59,Automático,Híbrido
75.0,30.0,37.8,36274.65,Manual,Flex
245.5,30.0,38.5,88995.45,Automático,Gasolina
254.8,28.9,34.3,104357.41,Automático,Gasolina
75.0,30.0,40.1,40077.67,Automático,Flex
159.4,30.0,37.8,59195.14,Automático,Gasolina
157.7,30.0,39.9,62792.36,Automático,Gasolina
95.5,30.0,36.4,75089.76,Automático,Flex
133.3,30.0,40.2,55125.83,Automático,Gasolina
113.4,30.0,38.7,49648.36,Manual,Flex
285.1,30.0,38.3,126869.38,Automático,Gasolina
236.1,28.1,35.5,99024.53,Automático,Gasolina
256.3,29.8,36.8,101519.98,Automático,Flex
223.3,30.0,39.3,97140.32,Manual,Flex
112.3,30.0,37.7,62267.88,Automático,Gasolina
148.5,30.0,34.5,61089.47,Automático,Gasolina
209.4,30.0,35.8,82722.5,Automático,Flex
106.7,30.0,37.2,45213.75,Manual,Gasolina
222.8,30.0,38.0,114996.79,Manual,Gasolina
165.6,30.0,37.4,72898.88,Automático,Gasolina
157.5,30.0,39.3,58997.67,Automático,Diesel
222.7,30.0,34.6,100804.96,Manual,Flex
206.7,30.0,37.7,81879.57,Automático,Flex
158.3,30.0,34.8,59132.03,Automático,Flex
249.6,30.0,38.6,98324.72,Automático,Flex
115.1,30.0,37.4,48696.17,Automático,Flex
217.0,30.0,38.1,99951.47,Automático,Flex
215.6,30.0,36.2,80736.62,Automático,Gasolina
161.4,30.0,39.4,77013.26,Automático,Flex
199.6,30.0,39.1,81006.21,Manual,Flex
104.9,30.0,38.4,40288.2,Automático,Flex
235.4,30.0,37.3,121104.98,Manual,Gasolina
168.9,30.0,38.4,69304.07,Automático,Gasolina
148.6,30.0,36.4,58460.08,Automático,Flex
242.9,30.0,38.8,94366.79,Automático,Flex
137.7,30.0,40.0,70718.05,Manual,Diesel
95.5,30.0,39.1,40059.35,Manual,Gasolina
86.6,30.0,36.4,35451.09,Automático,Flex
216.4,30.0,38.0,80108.16,Manual,Flex
103.2,30.0,35.6,42647.2,Automático,Diesel
285.3,27.4,35.1,119052.02,Manual,Flex
75.0,30.0,38.2,35629.52,Manual,Flex
281.8,30.0,34.7,104206.58,Manual,Flex
192.7,30.0,35.8,72248.8,Automático,Flex
174.2,30.0,37.1,68014.62,Automático,Híbrido
147.3,30.0,37.0,82678.21,Automático,Gasolina
203.9,30.0,35.7,78582.98,Automático,Gasolina
177.7,30.0,38.1,109542.09,Automático,Híbrido
246.2,30.0,37.9,95809.7,Automático,Flex
186.9,30.0,37.2,70373.1,Automático,Flex
189.0,30.0,36.4,91333.27,Automático,Flex
158.2,30.0,39.1,64532.59,Automático,Gasolina
176.6,30.0,40.0,77171.56,Automático,Flex
198.5,29.1,35.7,113981.37,Manual,Flex
77.4,30.0,36.6,30601.24,Automático,Gasolina
99.1,30.0,38.2,38705.05,Automático,Gasolina
224.6,30.0,37.0,94354.53,Manual,Diesel
190.3,30.0,37.3,72898.59,Automático,Gasolina
169.0,30.0,38.6,64173.45,Automático,Diesel
181.1,28.4,32.6,67447.15,Automático,Gasolina
200.9,30.0,39.5,73520.1,Automático,Flex
147.6,30.0,37.6,69558.76,Manual,Híbrido
133.3,30.0,36.9,51099.31,Automático,Flex
191.8,30.0,37.4,76418.62,Automático,Flex
121.3,30.0,37.4,54765.6,Automático,Flex
204.5,30.0,34.9,80165.62,Automático,Gasolina
77.8,30.0,39.7,30520.55,Manual,Gasolina
241.7,30.0,37.6,102913.99,Automático,Híbrido
208.4,30.0,38.2,76030.24,Automático,Flex
195.4,30.0,38.9,85726.85,Automático,Flex
239.0,30.0,36.0,109014.27,Automático,Gasolina
279.9,30.0,38.2,106646.1,Automático,Gasolina
240.9,30.0,37.1,94970.62,Manual,Gasolina
75.0,30.0,38.8,35731.42,Manual,Flex
103.2,30.0,34.3,44058.88,Manual,Flex
142.5,30.0,37.4,74720.12,Manual,Flex
181.6,30.0,36.6,88984.8,Automático,Diesel
211.1,30.0,38.1,80962.81,Automático,Gasolina
136.5,30.0,38.2,60306.31,Manual,Gasolina
191.2,30.0,36.4,96082.41,Manual,Gasolina
134.7,30.0,36.4,82854.06,Manual,Flex
143.3,30.0,37.3,60270.4,Automático,Gasolina
95.6,30.0,36.2,42489.98,Automático,Híbrido
124.6,30.0,38.8,49879.02,Manual,Gasolina
98.9,30.0,36.9,69525.25,Manual,Híbrido
121.4,30.0,33.1,47047.67,Manual,Flex
243.2,30.0,36.9,96797.43,Automático,Híbrido
123.0,30.0,35.9,49383.15,Automático,Flex
337.9,30.0,35.1,124551.3,Automático,Híbrido
209.6,28.1,33.3,82305.88,Manual,Gasolina
191.1,30.0,37.7,137077.2,Automático,Flex
128.5,30.0,39.5,48539.83,Automático,Híbrido
222.0,30.0,38.0,89346.85,Manual,Gasolina
145.5,30.0,36.6,54773.42,Automático,Gasolina
187.3,30.0,38.2,70240.72,Manual,Flex
333.6,29.9,36.7,125598.91,Automático,Híbrido
174.2,30.0,36.5,71125.64,Manual,Flex
249.0,30.0,35.8,93129.49,Automático,Flex
137.8,30.0,34.9,55037.95,Manual,Gasolina
177.9,30.0,36.9,66175.07,Manual,Gasolina
286.2,30.0,37.7,106799.67,Automático,Diesel
142.4,30.0,37.4,86813.25,Automático,Gasolina
288.7,30.0,36.9,133012.58,Automático,Flex
222.5,30.0,36.1,84940.64,Automático,Híbrido
146.3,28.9,37.0,63101.28,Manual,Gasolina
217.9,30.0,35.5,103315.16,Automático,Flex
238.4,30.0,38.7,86485.67,Automático,Gasolina
217.3,30.0,36.0,95701.36,Automático,Flex
85.8,30.0,36.4,62661.72,Manual,Gasolina
136.4,30.0,35.3,51687.81,Manual,Flex
165.1,30.0,36.7,62562.89,Automático,Gasolina
175.5,30.0,39.0,96813.99,Automático,Flex
217.2,30.0,38.3,86746.07,Automático,Flex
190.7,30.0,39.0,69874.7,Automático,Gasolina
99.9,30.0,38.3,40936.87,Automático,Flex
202.8,30.0,35.8,79961.5,Automático,Gasolina
216.6,30.0,37.0,90628.41,Automático,Flex
213.6,30.0,36.3,90966.67,Automático,Gasolina
244.8,30.0,39.5,142560.26,Automático,Flex
230.0,30.0,35.7,86902.28,Automático,Gasolina
207.6,30.0,38.8,83369.45,Automático,Flex
175.8,30.0,38.8,72147.71,Manual,Gasolina
80.3,30.0,40.2,36322.61,Manual,Flex
205.8,30.0,36.9,76875.19,Automático,Gasolina
192.5,30.0,38.6,108284.55,Automático,Diesel
196.3,30.0,40.9,90897.98,Manual,Diesel
103.4,30.0,36.6,46086.47,Manual,Gasolina
115.1,30.0,35.2,52542.19,Automático,Flex
243.2,30.0,34.7,90694.35,Automático,Gasolina
177.6,30.0,38.6,73017.3,Automático,Gasolina
220.9,30.0,34.7,92184.97,Automático,Flex
181.7,30.0,36.9,73834.19,Automático,Flex
181.8,30.0,38.2,112965.9,Automático,Flex
236.3,30.0,37.8,95154.51,Automático,Gasolina
149.0,30.0,38.1,59798.88,Automático,Gasolina
185.8,30.0,37.8,82809.3,Automático,Gasolina
152.3,30.0,39.4,58161.09,Automático,Flex
153.9,30.0,36.1,61729.04,Automático,Flex
161.4,30.0,36.5,63768.54,Automático,Flex
193.3,30.0,36.3,76317.75,Automático,Gasolina
151.3,30.0,38.7,71168.79,Manual,Gasolina
255.3,30.0,38.9,98990.72,Automático,Gasolina
126.3,30.0,38.2,63012.74,Manual,Gasolina
168.8,30.0,39.3,70667.45,Manual,Gasolina
153.6,30.0,35.7,60952.21,Automático,Diesel
266.8,29.4,39.2,113252.07,Automático,Diesel
191.8,30.0,39.8,72849.54,Automático,Flex
241.9,30.0,38.6,90209.7,Manual,Flex
90.9,30.0,40.2,41825.17,Manual,Gasolina
196.0,30.0,35.0,74630.59,Manual,Diesel
233.4,27.3,33.4,85845.72,Automático,Gasolina
184.9,30.0,36.4,78177.66,Automático,Híbrido
243.9,29.1,37.4,95896.62,Automático,Flex
149.0,30.0,35.9,61034.15,Automático,Gasolina
264.6,30.0,38.6,129699.24,Automático,Híbrido
317.9,30.0,39.6,122744.49,Automático,Gasolina
158.2,30.0,38.5,78289.69,Manual,Flex
153.3,28.3,35.8,58835.1,Automático,Flex
267.2,30.0,36.0,104942.34,Automático,Gasolina
274.8,30.0,36.2,119419.01,Automático,Flex
148.6,30.0,39.4,63769.17,Manual,Flex
154.8,30.0,38.7,69835.06,Manual,Flex
163.1,30.0,37.4,64735.37,Automático,Gasolina
99.3,30.0,36.9,38736.6,Automático,Híbrido
124.9,30.0,34.5,52831.36,Automático,Gasolina
119.8,30.0,35.9,49929.71,Manual,Gasolina
133.9,30.0,40.4,70054.84,Automático,Gasolina
177.9,30.0,35.6,68068.69,Automático,Gasolina
194.1,30.0,37.8,104950.77,Automático,Gasolina
273.0,30.0,39.0,130294.31,Automático,Híbrido
120.1,30.0,35.6,47879.86,Manual,Gasolina
239.1,30.0,37.8,90948.67,Automático,Gasolina
167.2,30.0,38.9,84097.25,Automático,Gasolina
177.0,30.0,37.5,98959.91,Automático,Flex
220.5,30.0,41.8,86031.0,Automático,Diesel
112.6,30.0,35.0,46294.14,Manual,Gasolina
202.9,30.0,39.1,81498.07,Automático,Gasolina
190.0,30.0,37.2,81135.62,Manual,Gasolina
209.5,30.0,38.7,79536.29,Manual,Gasolina
197.4,30.0,38.2,85408.54,Automático,Gasolina
327.3,28.6,34.7,118649.22,Automático,Flex
141.7,30.0,37.8,53112.97,Automático,Gasolina
148.1,30.0,34.7,59731.35,Manual,Flex
142.6,30.0,38.4,57275.46,Automático,Gasolina
146.7,30.0,37.9,58127.59,Automático,Híbrido
141.8,30.0,38.5,59368.33,Automático,Híbrido
251.3,30.0,39.1,94836.77,Manual,Flex
265.2,27.7,35.2,98885.36,Automático,Gasolina
145.8,30.0,37.7,57717.28,Automático,Gasolina
130.1,30.0,36.2,85371.11,Automático,Flex
208.3,30.0,36.4,81194.94,Automático,Flex
146.9,30.0,39.3,60286.01,Manual,Flex
218.0,30.0,39.7,87884.65,Automático,Diesel
192.2,30.0,37.1,111209.29,Manual,Híbrido
89.1,30.0,37.6,36934.83,Automático,Gasolina
272.9,30.0,36.1,109932.1,Automático,Flex
287.8,30.0,39.3,116300.7,Automático,Gasolina
143.2,30.0,38.5,62479.15,Automático,Gasolina
156.7,30.0,40.4,58785.76,Automático,Flex
197.2,27.8,33.5,84169.87,Automático,Gasolina
200.1,30.0,36.9,73686.0,Automático,Diesel
219.5,30.0,37.8,88896.37,Automático,Gasolina
300.6,30.0,38.5,121668.94,Automático,Flex
169.4,30.0,37.2,64653.62,Manual,Flex
132.1,30.0,36.2,67663.47,Automático,Flex
97.2,30.0,38.8,37342.54,Automático,Gasolina
136.1,30.0,38.6,69217.47,Automático,Diesel
178.0,30.0,36.1,71472.29,Manual,Flex
287.7,29.7,39.1,106272.21,Manual,Flex
148.9,30.0,39.3,56566.3,Automático,Gasolina
193.4,30.0,37.7,101341.19,Manual,Flex
179.0,30.0,37.6,66409.53,Automático,Diesel
251.3,30.0,38.3,93176.37,Automático,Flex
331.6,28.4,34.2,123971.65,Manual,Diesel
148.1,30.0,37.5,64533.78,Manual,Flex
150.6,30.0,34.3,63591.98,Automático,Gasolina
242.6,26.0,33.8,90878.46,Manual,Gasolina
220.9,30.0,35.2,83740.79,Automático,Gasolina
290.8,26.8,35.8,108789.72,Manual,Flex
215.0,30.0,37.0,80664.66,Automático,Flex
158.4,30.0,37.2,63750.61,Automático,Gasolina
215.4,30.0,36.6,90578.77,Automático,Flex
246.5,30.0,37.1,91734.79,Automático,Flex
229.2,30.0,39.6,87797.9,Automático,Flex
210.4,30.0,33.8,81610.77,Automático,Gasolina
244.0,30.0,39.4,125889.24,Automático,Gasolina
250.2,29.1,36.9,121862.02,Automático,Gasolina
262.9,30.0,35.7,111126.6,Automático,Gasolina
218.9,30.0,35.9,82389.13,Automático,Gasolina
170.0,30.0,40.0,63195.15,Automático,Gasolina
188.8,30.0,36.1,72892.19,Manual,Flex
252.4,27.7,32.9,95352.3,Manual,Gasolina
131.0,30.0,39.2,55895.05,Manual,Híbrido
202.1,30.0,38.0,88780.67,Automático,Gasolina
156.4,30.0,36.1,77281.94,Manual,Gasolina
181.7,30.0,37.8,85238.18,Automático,Gasolina
256.7,30.0,36.0,97305.29,Automático,Gasolina
191.5,30.0,39.2,81636.09,Automático,Diesel
182.8,30.0,39.1,70726.96,Manual,Gasolina
98.4,30.0,38.3,38071.41,Automático,Híbrido
224.8,30.0,38.0,93763.37,Automático,Diesel
218.7,30.0,40.1,79653.93,Automático,Flex
309.8,30.0,37.5,116690.83,Manual,Flex
161.5,30.0,35.7,63532.17,Automático,Flex
193.1,30.0,38.2,82423.54,Automático,Gasolina
195.0,30.0,40.6,85771.89,Automático,Flex
274.6,28.3,33.8,103447.5,Automático,Gasolina
174.3,30.0,37.0,80692.11,Automático,Gasolina
196.7,30.0,38.1,75339.67,Automático,Flex
216.5,30.0,37.4,84677.63,Manual,Flex
191.2,30.0,36.0,82902.31,Automático,Diesel
153.2,29.7,38.7,68570.45,Automático,Gasolina
191.6,30.0,41.0,113791.48,Automático,Diesel
244.4,30.0,37.8,91097.27,Automático,Gasolina
118.4,30.0,36.1,55299.68,Automático,Gasolina
188.0,30.0,35.2,78200.3,Automático,Gasolina
138.0,30.0,37.9,75960.09,Automático,Flex
251.7,30.0,39.2,92796.3,Manual,Gasolina
88.6,30.0,38.2,47948.21,Automático,Flex
146.5,30.0,37.5,62662.16,Automático,Diesel
202.6,30.0,36.6,77132.68,Manual,Flex
273.9,30.0,35.9,105308.82,Automático,Flex
176.1,30.0,38.8,68680.55,Manual,Diesel
146.7,30.0,38.9,62999.48,Automático,Flex
292.9,30.0,35.2,127486.6,Automático,Flex
93.1,30.0,39.9,44015.26,Manual,Gasolina
75.0,30.0,38.4,39239.18,Automático,Diesel
206.4,30.0,39.6,82553.94,Automático,Flex
149.9,30.0,35.5,55982.07,Manual,Gasolina
118.7,30.0,35.5,47204.95,Automático,Gasolina
222.5,30.0,37.3,87648.26,Automático,Diesel
194.6,30.0,38.3,74833.86,Automático,Gasolina
146.2,30.0,40.2,56160.39,Manual,Híbrido
103.2,30.0,38.6,46128.08,Manual,Gasolina
232.3,30.0,37.1,88219.63,Automático,Flex
219.0,30.0,36.0,82639.74,Automático,Gasolina
174.0,30.0,39.3,70153.25,Manual,Flex
290.8,29.8,35.8,106293.63,Automático,Diesel
115.8,30.0,39.9,69803.86,Automático,Flex
88.5,30.0,37.1,54190.96,Manual,Flex
138.5,30.0,39.9,63766.96,Manual,Gasolina
177.3,30.0,38.5,66165.58,Manual,Gasolina
194.6,30.0,37.3,86065.74,Automático,Gasolina
165.5,30.0,36.7,77434.42,Automático,Flex
201.1,30.0,37.0,87993.2,Automático,Gasolina
104.9,30.0,38.1,40927.67,Automático,Gasolina
266.6,30.0,37.6,106644.72,Automático,Flex
175.1,30.0,36.6,82252.09,Manual,Flex
247.0,30.0,37.3,98075.4,Automático,Flex
200.6,30.0,37.6,83593.33,Manual,Gasolina
207.4,30.0,34.3,81723.42,Automático,Gasolina
214.2,30.0,38.2,85487.87,Automático,Híbrido
206.9,30.0,36.0,75751.7,Automático,Gasolina
218.6,30.0,35.8,89684.93,Automático,Diesel
259.7,30.0,35.0,94761.76,Automático,Diesel
191.8,30.0,34.8,75836.5,Manual,Flex
222.5,30.0,35.5,84351.45,Manual,Gasolina
174.6,30.0,36.4,71999.54,Automático,Diesel
266.4,28.6,38.7,98220.68,Automático,Flex
139.4,30.0,36.7,63560.75,Manual,Flex
288.1,26.8,33.8,120937.99,Automático,Gasolina
177.6,30.0,38.1,66940.23,Automático,Gasolina
94.2,30.0,37.7,37055.37,Automático,Gasolina
187.7,30.0,37.4,70262.76,Manual,Flex
139.1,30.0,35.7,72664.0,Automático,Flex
230.4,30.0,39.7,91165.29,Automático,Gasolina
140.8,30.0,40.2,58592.13,Manual,Flex
153.2,30.0,35.0,57758.61,Automático,Gasolina
75.0,30.0,36.0,39735.54,Automático,Flex
152.9,30.0,37.1,76751.07,Automático,Híbrido
75.0,30.0,36.1,46863.42,Manual,Gasolina
85.0,30.0,38.3,42574.5,Automático,Gasolina
225.6,30.0,36.4,82751.34,Manual,Gasolina
227.1,30.0,40.7,83694.11,Automático,Flex
205.5,30.0,39.3,75440.27,Automático,Flex
122.0,30.0,37.8,48670.55,Manual,Híbrido
177.1,30.0,39.0,66455.97,Automático,Gasolina
179.8,29.4,38.4,69185.96,Automático,Híbrido
110.5,30.0,36.7,46536.62,Automático,Gasolina
270.2,27.2,32.8,127328.21,Automático,Flex
232.6,30.0,37.6,93850.34,Automático,Gasolina
166.7,30.0,38.8,79376.26,Automático,Diesel
181.6,30.0,37.7,78955.47,Automático,Flex
192.5,30.0,35.1,71569.54,Manual,Flex
75.0,30.0,36.3,42565.05,Automático,Diesel
165.2,30.0,37.4,64026.48,Manual,Gasolina
139.1,30.0,37.4,61870.09,Automático,Gasolina
119.9,30.0,40.5,49135.72,Automático,Diesel
163.1,30.0,35.4,120725.48,Automático,Gasolina
287.9,30.0,38.3,106810.58,Automático,Gasolina
218.5,30.0,39.7,82730.67,Automático,Flex
145.7,30.0,40.9,80694.34,Manual,Flex
214.4,30.0,36.9,78273.77,Manual,Gasolina
264.0,30.0,38.2,107316.43,Manual,Gasolina
235.5,30.0,38.4,98339.02,Automático,Gasolina
183.6,30.0,37.8,85354.24,Manual,Flex
141.2,30.0,37.4,89081.32,Automático,Diesel
221.9,30.0,38.2,117795.2,Automático,Híbrido
203.6,30.0,33.7,74938.24,Manual,Flex
233.7,30.0,38.5,102049.75,Automático,Gasolina
218.1,30.0,37.7,89731.95,Automático,Híbrido
243.0,30.0,37.2,98463.18,Automático,Flex
147.9,30.0,40.6,56133.73,Automático,Gasolina
259.0,28.3,34.4,104850.21,Manual,Híbrido
191.9,30.0,36.9,110595.19,Automático,Flex
304.5,30.0,40.5,133864.07,Manual,Flex
138.6,30.0,36.3,57309.73,Automático,Flex
284.2,29.4,35.9,103110.13,Automático,Gasolina
191.9,30.0,37.3,74654.9,Automático,Gasolina
140.9,30.0,38.8,69829.68,Automático,Flex
151.0,30.0,37.8,67928.22,Automático,Gasolina
160.8,30.0,35.6,65422.42,Manual,Flex
205.4,30.0,36.7,75474.26,Manual,Flex
211.4,30.0,36.6,82546.4,Manual,Flex
145.6,30.0,37.4,60282.7,Manual,Flex
178.5,30.0,38.1,91876.9,Manual,Flex
308.5,29.0,36.9,121622.6,Automático,Diesel
283.7,28.9,33.4,106465.33,Manual,Flex
206.2,30.0,39.1,82613.9,Automático,Gasolina
182.3,30.0,37.9,67481.45,Automático,Gasolina
187.2,30.0,39.6,104481.19,Automático,Gasolina
216.8,28.6,36.4,83923.75,Automático,Gasolina
118.6,30.0,39.2,51019.69,Automático,Gasolina
164.6,30.0,38.2,64984.55,Manual,Gasolina
79.9,30.0,39.5,42432.88,Automático,Flex
204.0,28.9,36.9,85680.84,Automático,Híbrido
218.8,30.0,37.4,92155.09,Automático,Gasolina
151.0,30.0,40.9,58974.79,Automático,Flex
274.4,30.0,38.8,102846.85,Automático,Flex
106.5,30.0,38.4,41597.11,Automático,Gasolina
92.1,30.0,35.6,45905.03,Automático,Híbrido
193.5,30.0,35.6,71119.6,Automático,Flex
242.8,30.0,37.9,97094.2,Manual,Gasolina
281.0,30.0,37.7,121741.32,Manual,Flex
152.5,30.0,36.6,78512.12,Automático,Gasolina
244.7,30.0,37.7,94613.19,Automático,Flex
177.7,30.0,39.9,71340.3,Automático,Gasolina
169.6,30.0,38.5,63175.75,Manual,Diesel
233.0,30.0,35.8,95666.69,Automático,Flex
219.1,30.0,37.3,96916.98,Automático,Flex
85.4,30.0,36.3,35701.57,Manual,Gasolina
268.6,30.0,36.9,102477.07,Automático,Flex
262.8,30.0,36.9,113235.45,Automático,Flex
142.5,30.0,36.8,73828.69,Automático,Flex
203.7,30.0,35.6,77098.17,Manual,Flex
209.6,30.0,37.3,84372.4,Manual,Flex
195.6,30.0,36.7,73612.19,Manual,Diesel
147.0,30.0,33.1,55518.09,Automático,Flex
139.7,30.0,40.6,76100.65,Automático,Diesel
178.5,30.0,39.1,82639.58,Manual,Diesel
250.4,30.0,36.9,104899.93,Manual,Flex
212.6,26.6,33.2,79292.94,Automático,Gasolina
157.8,30.0,35.7,76778.72,Manual,Flex
226.3,30.0,40.0,87968.99,Automático,Diesel
75.0,30.0,40.3,33441.51,Automático,Gasolina
248.9,30.0,37.7,98031.16,Automático,Flex
75.6,30.0,39.0,30424.0,Automático,Diesel
158.3,30.0,37.8,72521.14,Manual,Gasolina
112.8,30.0,35.5,51220.08,Automático,Flex
102.3,30.0,36.9,40876.89,Automático,Gasolina
249.6,30.0,37.7,92462.77,Manual,Gasolina
151.9,30.0,36.8,58214.73,Manual,Flex
200.8,30.0,37.2,73863.5,Automático,Gasolina
177.2,30.0,37.4,73877.1,Automático,Gasolina
208.6,30.0,37.4,94365.46,Automático,Diesel
184.6,30.0,37.6,67789.79,Automático,Gasolina
103.0,30.0,35.9,39559.62,Manual,Híbrido
239.8,29.7,36.1,95526.15,Manual,Híbrido
150.4,30.0,35.6,72751.12,Automático,Gasolina
86.6,30.0,39.0,37268.0,Automático,Gasolina
154.3,30.0,34.3,61311.48,Automático,Flex
270.0,30.0,39.2,106587.94,Manual,Flex
231.0,30.0,39.6,87059.64,Automático,Gasolina
159.1,30.0,37.0,58947.99,Automático,Flex
159.0,30.0,33.6,71954.47,Automático,Gasolina
160.7,30.0,37.0,69071.3,Automático,Diesel
304.6,26.8,33.4,119574.23,Automático,Gasolina
202.9,30.0,36.0,87556.37,Automático,Gasolina
205.8,30.0,36.7,86277.28,Manual,Gasolina
241.8,30.0,39.8,89941.18,Manual,Híbrido
194.3,30.0,38.5,75360.64,Manual,Flex
164.5,30.0,36.1,61908.12,Automático,Diesel
168.2,30.0,35.1,63267.63,Automático,Gasolina
175.7,30.0,37.0,75772.53,Automático,Gasolina
177.8,30.0,37.2,84779.97,Automático,Gasolina
223.7,30.0,38.2,114176.58,Manual,Flex
183.1,30.0,36.7,76988.81,Automático,Flex
224.0,30.0,38.3,83420.09,Automático,Flex
175.2,30.0,40.4,65421.54,Manual,Gasolina
184.7,30.0,38.7,84409.84,Manual,Híbrido
75.0,30.0,37.4,37895.44,Automático,Gasolina
235.0,30.0,37.2,94873.69,Automático,Híbrido
200.8,30.0,37.0,88484.22,Automático,Gasolina
239.9,30.0,39.3,99107.78,Automático,Flex
75.0,30.0,36.6,47235.32,Automático,Gasolina
305.3,28.6,35.8,111001.24,Automático,Flex
171.6,30.0,37.6,76832.88,Manual,Flex
246.5,30.0,36.7,108300.05,Automático,Flex
117.6,30.0,35.4,47532.59,Automático,Flex
216.8,30.0,38.0,89097.2,Automático,Flex
116.8,30.0,37.4,47649.41,Automático,Flex
142.6,30.0,38.3,84594.82,Manual,Diesel
294.8,30.0,36.7,106534.61,Automático,Gasolina
168.6,30.0,39.3,70665.74,Automático,Flex
193.0,30.0,36.2,72387.35,Automático,Flex
232.2,30.0,40.1,96727.02,Manual,Gasolina
209.7,30.0,34.9,78343.84,Automático,Flex
189.0,30.0,38.2,71842.6,Manual,Gasolina
201.9,30.0,38.2,80483.7,Automático,Gasolina
324.2,30.0,36.3,141103.37,Automático,Gasolina
176.5,30.0,38.1,67168.95,Automático,Gasolina
192.1,30.0,39.4,71780.73,Manual,Flex
243.0,29.5,33.6,102473.33,Manual,Flex
246.3,30.0,38.3,96159.91,Automático,Híbrido
251.2,30.0,33.8,115207.43,Automático,Flex
218.3,30.0,36.1,80998.77,Automático,Gasolina
111.4,30.0,39.9,52379.44,Automático,Diesel
278.0,30.0,36.6,102953.17,Automático,Diesel
111.2,30.0,35.7,43631.79,Manual,Flex
198.2,30.0,37.2,83857.44,Manual,Flex
134.7,30.0,40.6,59166.46,Automático,Híbrido
176.2,30.0,34.8,78711.03,Automático,Flex
199.7,30.0,35.9,76606.86,Manual,Híbrido
199.3,30.0,39.7,78690.06,Manual,Gasolina
205.3,30.0,40.3,80060.21,Automático,Gasolina
276.8,26.6,33.1,142653.58,Automático,Flex
207.2,30.0,35.6,78980.85,Automático,Flex
165.4,30.0,40.6,64365.69,Automático,Diesel
237.8,30.0,39.9,90623.88,Automático,Híbrido
251.4,30.0,38.5,99293.65,Automático,Gasolina
106.3,30.0,36.3,43128.07,Automático,Gasolina
215.8,30.0,37.4,103230.61,Automático,Diesel
222.1,30.0,37.3,83812.81,Automático,Flex
162.1,30.0,38.0,82367.11,Automático,Gasolina
262.5,30.0,39.7,95982.13,Manual,Flex
171.0,30.0,38.8,73536.34,Manual,Flex
187.5,30.0,35.9,92387.11,Automático,Flex
169.6,30.0,39.6,64213.73,Automático,Flex
180.9,30.0,38.0,100850.05,Manual,Gasolina
114.2,30.0,38.5,49009.16,Automático,Híbrido
93.6,30.0,39.7,64894.02,Automático,Flex
275.7,30.0,35.8,110780.07,Automático,Flex
129.2,30.0,37.4,51803.26,Automático,Gasolina
120.5,30.0,36.7,47267.04,Automático,Flex
75.0,30.0,35.1,32870.25,Manual,Gasolina
141.7,30.0,38.0,53558.12,Automático,Gasolina
100.6,30.0,41.3,39768.42,Automático,Flex
278.5,30.0,34.7,101587.84,Manual,Gasolina
240.6,30.0,37.5,92704.31,Automático,Flex
138.7,30.0,38.5,67424.55,Automático,Gasolina
315.1,29.7,37.3,114956.34,Automático,Flex
238.9,27.7,34.5,88922.98,Automático,Gasolina
160.5,30.0,35.6,69490.76,Automático,Gasolina
75.0,30.0,37.8,31446.28,Automático,Gasolina
317.5,25.1,30.2,117109.21,Automático,Híbrido
96.6,30.0,34.2,38644.38,Automático,Diesel
81.3,30.0,39.3,57181.57,Automático,Gasolina
241.4,30.0,38.9,104704.04,Automático,Flex
326.4,30.0,37.6,121605.36,Automático,Flex
263.1,30.0,37.8,105735.66,Automático,Híbrido
213.8,29.2,38.1,85873.85,Automático,Gasolina
215.7,30.0,37.8,89794.72,Manual,Flex
231.2,30.0,38.9,95399.89,Automático,Gasolina
225.5,30.0,37.1,91845.87,Automático,Gasolina
196.9,30.0,39.5,74998.86,Manual,Híbrido
186.3,30.0,38.0,68586.1,Automático,Flex
176.2,30.0,37.8,70765.64,Automático,Gasolina
134.8,30.0,35.6,72328.42,Manual,Gasolina
163.2,30.0,37.9,68533.84,Manual,Flex
78.4,30.0,36.3,48309.12,Automático,Flex
174.1,30.0,36.5,111759.13,Automático,Gasolina
120.7,30.0,36.3,47026.26,Automático,Híbrido
113.8,30.0,35.9,54593.96,Manual,Gasolina
190.8,30.0,40.7,80995.37,Automático,Gasolina
263.5,29.0,38.2,134749.01,Automático,Híbrido
235.1,30.0,40.4,127690.43,Manual,Gasolina
85.8,30.0,35.7,44624.75,Automático,Gasolina
120.6,30.0,37.6,48009.85,Manual,Flex
236.4,30.0,35.6,101778.63,Automático,Diesel
121.1,30.0,36.5,46499.78,Automático,Gasolina
166.5,30.0,36.1,76455.82,Automático,Híbrido
213.0,30.0,39.4,101652.37,Manual,Flex
121.9,30.0,36.9,50490.93,Automático,Gasolina
186.3,30.0,39.1,78172.59,Automático,Flex
100.0,30.0,38.4,43609.16,Automático,Gasolina
143.9,30.0,41.0,59129.63,Manual,Flex
199.2,30.0,35.3,76431.43,Manual,Flex
84.4,30.0,39.4,46907.43,Automático,Híbrido
206.4,30.0,39.2,102766.32,Automático,Gasolina
178.8,30.0,36.0,93847.65,Manual,Flex
213.1,30.0,39.0,79523.36,Automático,Flex
193.4,30.0,38.0,91476.13,Automático,Gasolina
261.8,30.0,37.2,108019.38,Automático,Gasolina
